1000;CAPITAL FEDERAL;PROVINCIA;CAP
1001;CAPITAL FEDERAL;PROVINCIA;CAP
1002;CAPITAL FEDERAL;PROVINCIA;CAP
1003;CAPITAL FEDERAL;PROVINCIA;CAP
1004;CAPITAL FEDERAL;PROVINCIA;CAP
1005;CAPITAL FEDERAL;PROVINCIA;CAP
1009;CAPITAL FEDERAL;PROVINCIA;CAP
1022;CAPITAL FEDERAL;PROVINCIA;CAP
1028;CAPITAL FEDERAL;PROVINCIA;CAP
1034;CAPITAL FEDERAL;PROVINCIA;CAP
1035;CAPITAL FEDERAL;PROVINCIA;CAP
1036;CAPITAL FEDERAL;PROVINCIA;CAP
1037;CAPITAL FEDERAL;PROVINCIA;CAP
1038;CAPITAL FEDERAL;PROVINCIA;CAP
1041;CAPITAL FEDERAL;PROVINCIA;CAP
1042;CAPITAL FEDERAL;PROVINCIA;CAP
1048;CAPITAL FEDERAL;PROVINCIA;CAP
1049;CAPITAL FEDERAL;PROVINCIA;CAP
1053;CAPITAL FEDERAL;PROVINCIA;CAP
1057;CAPITAL FEDERAL;PROVINCIA;CAP
1058;CAPITAL FEDERAL;PROVINCIA;CAP
1060;CAPITAL FEDERAL;PROVINCIA;CAP
1062;CAPITAL FEDERAL;PROVINCIA;CAP
1065;CAPITAL FEDERAL;PROVINCIA;CAP
1066;CAPITAL FEDERAL;PROVINCIA;CAP
1067;CAPITAL FEDERAL;PROVINCIA;CAP
1071;CAPITAL FEDERAL;PROVINCIA;CAP
1072;CAPITAL FEDERAL;PROVINCIA;CAP
1075;CAPITAL FEDERAL;PROVINCIA;CAP
1085;CAPITAL FEDERAL;PROVINCIA;CAP
1088;CAPITAL FEDERAL;PROVINCIA;CAP
1092;CAPITAL FEDERAL;PROVINCIA;CAP
1093;CAPITAL FEDERAL;PROVINCIA;CAP
1095;CAPITAL FEDERAL;PROVINCIA;CAP
1100;CAPITAL FEDERAL;PROVINCIA;CAP
1106;CAPITAL FEDERAL;PROVINCIA;CAP
1111;CAPITAL FEDERAL;PROVINCIA;CAP
1134;CAPITAL FEDERAL;PROVINCIA;CAP
1153;CAPITAL FEDERAL;PROVINCIA;CAP
1171;CAPITAL FEDERAL;PROVINCIA;CAP
1172;CAPITAL FEDERAL;PROVINCIA;CAP
1176;CAPITAL FEDERAL;PROVINCIA;CAP
1183;CAPITAL FEDERAL;PROVINCIA;CAP
1186;CAPITAL FEDERAL;PROVINCIA;CAP
1193;CAPITAL FEDERAL;PROVINCIA;CAP
1195;CAPITAL FEDERAL;PROVINCIA;CAP
1217;CAPITAL FEDERAL;PROVINCIA;CAP
1223;CAPITAL FEDERAL;PROVINCIA;CAP
1253;CAPITAL FEDERAL;PROVINCIA;CAP
1265;CAPITAL FEDERAL;PROVINCIA;CAP
1271;CAPITAL FEDERAL;PROVINCIA;CAP
1272;CAPITAL FEDERAL;PROVINCIA;CAP
1276;CAPITAL FEDERAL;PROVINCIA;CAP
1281;CAPITAL FEDERAL;PROVINCIA;CAP
1285;CAPITAL FEDERAL;PROVINCIA;CAP
1300;CAPITAL FEDERAL;PROVINCIA;CAP
1341;CAPITAL FEDERAL;PROVINCIA;CAP
1405;CAPITAL FEDERAL;PROVINCIA;CAP
1406;CAPITAL FEDERAL;PROVINCIA;CAP
1407;CAPITAL FEDERAL;PROVINCIA;CAP
1408;CAPITAL FEDERAL;PROVINCIA;CAP
1414;CAPITAL FEDERAL;PROVINCIA;CAP
1416;CAPITAL FEDERAL;PROVINCIA;CAP
1417;CAPITAL FEDERAL;PROVINCIA;CAP
1419;CAPITAL FEDERAL;PROVINCIA;CAP
1424;CAPITAL FEDERAL;PROVINCIA;CAP
1425;CAPITAL FEDERAL;PROVINCIA;CAP
1426;CAPITAL FEDERAL;PROVINCIA;CAP
1427;CAPITAL FEDERAL;PROVINCIA;CAP
1428;CAPITAL FEDERAL;PROVINCIA;CAP
1429;CAPITAL FEDERAL;PROVINCIA;CAP
1430;CAPITAL FEDERAL;PROVINCIA;CAP
1431;CAPITAL FEDERAL;PROVINCIA;CAP
1437;CAPITAL FEDERAL;PROVINCIA;CAP
1440;CAPITAL FEDERAL;PROVINCIA;CAP
1602;FLORIDA;PROVINCIA;BA
1603;VILLA MARTELLI;PROVINCIA;BA
1605;MUNRO;PROVINCIA;BA
1607;VILLA ADELINA;PROVINCIA;BA
1611;DON TORCUATO;PROVINCIA;BA
1617;GENERAL PACHECO;PROVINCIA;BA
1618;EL TALAR;PROVINCIA;BS.
1619;GARIN;PROVINCIA;BA
1625;ESCOBAR;PROVINCIA;BA
1629;PILAR;PROVINCIA;BA
1636;OLIVOS;PROVINCIA;BA
1638;VICENTE LOPEZ;PROVINCIA;BA
1640;MARTINEZ;PROVINCIA;BA
1642;SAN ISIDRO;PROVINCIA;BA
1643;BECCAR;PROVINCIA;BA
1644;VICTORIA;PROVINCIA;BA
1646;SAN FERNANDO;PROVINCIA;BA
1648;TIGRE;PROVINCIA;BA
1650;SAN MARTIN;PROVINCIA;BA
1653;VILLA BALLESTER;PROVINCIA;BA
1655;JOSE LEON SUAREZ;PROVINCIA;BA
1663;SAN MIGUEL;PROVINCIA;BA
1665;JOSE C. PAZ;PROVINCIA;BA
1678;CASEROS;PROVINCIA;BA
1682;VILLA BOSCH;PROVINCIA;BA
1686;HURLINGHAM;PROVINCIA;BA
1688;VILLA TESEI;PROVINCIA;BA
1702;CIUDADELA;PROVINCIA;BA
1704;RAMOS MEJIA;PROVINCIA;BA
1706;HAEDO;PROVINCIA;BA
1708;MORON;PROVINCIA;BA
1712;CASTELAR;PROVINCIA;BA
1714;ITUZAINGO;PROVINCIA;BA
1716;LIBERTAD;PROVINCIA;BA
1722;MERLO;PROVINCIA;PCI
1727;MARCOS PAZ;PROVINCIA;BA
1742;PASO DEL REY;PROVINCIA;BA
1744;MORENO;PROVINCIA;BA
1748;GENERAL RODRIGUEZ;PROVINCIA;BA
1752;LOMAS DEL MIRADOR;PROVINCIA;BA
1754;SAN JUSTO;PROVINCIA;BA
1757;LAFERRERE;PROVINCIA;CAP
1765;ISIDRO CASANOVA;PROVINCIA;BA
1768;VILLA MADERO;PROVINCIA;BA
1770;TAPIALES;PROVINCIA;BA
1771;PARANA;PROVINCIA;FOZ
11771;PARANA;PROVINCIA;FOZ
1772;VILLA CELINA;PROVINCIA;BA
1804;EZEIZA;PROVINCIA;BA
1822;LANUS OESTE;PROVINCIA;BA
1824;LANUS;PROVINCIA;BA
1826;R.DE ESCALADA;PROVINCIA;BA
1832;LOMAS DE ZAMORA;PROVINCIA;BA
1834;TURDERA;PROVINCIA;BA
1842;MONTE GRANDE;PROVINCIA;BA
1846;ADROGUE;PROVINCIA;BA
1852;BURZACO;PROVINCIA;BA
1865;SAN VICENTE;PROVINCIA;BA
1870;AVELLANEDA;PROVINCIA;BA
1875;WILDE;PROVINCIA;BA
1876;BERNAL;PROVINCIA;BA
1878;QUILMES;PROVINCIA;BA
1879;QUILMES OESTE;PROVINCIA;STF
1881;SAN FRANCISCO SOLANO;PROVINCIA;BA
1882;QUILMES;PROVINCIA;BA
1884;BERAZATEGUI;PROVINCIA;BA
1888;FLORENCIO VARELA;PROVINCIA;BA
1894;VILLA ELISA;PROVINCIA;BA
1900;LA PLATA;PROVINCIA;BA
1980;BRANDSEN;PROVINCIA;BA
1984;ROSARIO;PROVINCIA;STF
2000;ROSARIO;PROVINCIA;STF
2004;TIMBUES;PROVINCIA;STF
2101;ALVARELLOS;PROVINCIA;STF
2102;VILLA AMELIA;PROVINCIA;STF
2103;CORONEL BOGADO;PROVINCIA;STF
2105;CAÑADA RICA;PROVINCIA;STF
2106;SARGENTO CABRAL;PROVINCIA;STF
2107;ALVAREZ;PROVINCIA;STF
2109;ACEBAL;PROVINCIA;STF
2110;PAVON ARRIBA;PROVINCIA;STF
2111;SANTA TERESA;PROVINCIA;STF
2113;PEYRANO;PROVINCIA;STF
2115;PAZ;PROVINCIA;STF
2116;ALVEAR;PROVINCIA;STF
2117;ALCORTA;PROVINCIA;STF
2119;PUEBLO MUÑOZ;PROVINCIA;STF
2121;PEREZ;PROVINCIA;STF
2123;FUENTES;PROVINCIA;STF
2124;VILLA GOBERNADOR GALVEZ;PROVINCIA;STF
2125;CORONEL ARNOLD;PROVINCIA;STF
2126;ALVEAR;PROVINCIA;STF
2127;ARROYO SECO;PROVINCIA;STF
2128;ARROYO SECO;PROVINCIA;STF
2129;PUEBLO ESTHER;PROVINCIA;STF
2132;FUNES;PROVINCIA;STF
2133;CASILDA;PROVINCIA;STF
2134;ROLDAN;PROVINCIA;STF
2136;SAN JERONIMO NORTE;PROVINCIA;STF
2137;VILLA GDOR.GALVEZ;PROVINCIA;STF
2138;CARCARAÑA;PROVINCIA;STF
2142;IBARLUCEA;PROVINCIA;STF
2144;TOTORAS;PROVINCIA;STF
2146;SAN GENARO NORTE;PROVINCIA;STF
2147;SAN GENARO NORTE;PROVINCIA;STF
2148;CASAS;PROVINCIA;STF
2152;GRANADERO BAIGORRIA;PROVINCIA;STF
2154;CAPITAN BERMUDEZ;PROVINCIA;STF
2156;FRAY LUIS BELTRAN;PROVINCIA;STF
2170;CASILDA;PROVINCIA;STF
2171;FUENTES;PROVINCIA;STF
2173;CHABAS;PROVINCIA;STF
2175;VILLA MUGUETA;PROVINCIA;STF
2177;ALCORTA;PROVINCIA;STF
2179;BOMBAL;PROVINCIA;STF
2181;LOS MOLINOS;PROVINCIA;STF
2183;AREQUITO;PROVINCIA;STF
2185;SAN JOSE DE LA ESQUINA;PROVINCIA;STF
2187;ARTEAGA;PROVINCIA;STF
2189;CRUZ ALTA;PROVINCIA;CBA
2191;PEREZ;PROVINCIA;STF
2200;SAN LORENZO;PROVINCIA;STF
2201;RICARDONE;PROVINCIA;STF
2202;PUERTO GENERAL SAN MARTIN;PROVINCIA;STF
2204;TIMBUES;PROVINCIA;STF
2206;OLIVEROS;PROVINCIA;STF
2208;MACIEL;PROVINCIA;STF
2211;F.L.BELTRAN;PROVINCIA;STF
2212;MONJE;PROVINCIA;STF
2214;ALDAO;PROVINCIA;STF
2215;ANDINO;PROVINCIA;STF
2216;SERODINO;PROVINCIA;STF
2218;CLARKE;PROVINCIA;STF
2222;DIAZ;PROVINCIA;STF
2240;CORONDA;PROVINCIA;STF
2242;SAN FABIAN;PROVINCIA;STF
2246;BARRANCAS;PROVINCIA;STF
2248;EST.IRIGOYEN;PROVINCIA;STF
224O;CAPITAL FEDERAL;PROVINCIA;CAP
2252;GALVEZ;PROVINCIA;STF
2300;RAFAELA;PROVINCIA;STF
2301;PUEBLO MIGUEL TORRES;PROVINCIA;STF
2309;HUMBERTO I;PROVINCIA;STF
2317;COLONIA ALDAO;PROVINCIA;STF
2322;SUNCHALES;PROVINCIA;STF
2340;CERES;PROVINCIA;STF
2344;ARRUFO;PROVINCIA;STF
2345;TRINIDAD;PROVINCIA;STF
2346;LA CRUZ;PROVINCIA;COR
2347;SAN GUILLERMO;PROVINCIA;STF
2349;SUARDI;PROVINCIA;STF
2352;HERSILIA;PROVINCIA;STF
2354;SELVA;PROVINCIA;STG
2356;PINTO;PROVINCIA;STG
2400;SAN FRANCISCO;PROVINCIA;CBA
2413;FREYRE;PROVINCIA;CBA
2415;PORTEÑA;PROVINCIA;CBA
2419;BRINKMANN;PROVINCIA;CBA
2421;MORTEROS;PROVINCIA;CBA
2426;LA FRANCIA;PROVINCIA;CBA
2434;ARROYITO;PROVINCIA;CBA
2438;FRONTERA;PROVINCIA;STF
2440;SASTRE;PROVINCIA;STF
2445;MARIA JUANA;PROVINCIA;STF
2447;SAN VICENTE;PROVINCIA;STF
2449;SAN MARTIN DE LAS ESCOBA;PROVINCIA;STF
2451;SAN JORGE;PROVINCIA;STF
2453;CARLOS PELLEGRINI;PROVINCIA;STF
2454;CAÑADA ROSQUIN;PROVINCIA;STF
2500;CAÑADA DE GOMEZ;PROVINCIA;STF
2503;VILLA ELOISA;PROVINCIA;STF
2505;LAS PAREJAS;PROVINCIA;STF
2506;CORREA;PROVINCIA;STF
2508;ARMSTRONG;PROVINCIA;STF
2512;BALLESTEROS;PROVINCIA;CBA
2520;LAS ROSAS;PROVINCIA;STF
2521;MTES.DE OCA;PROVINCIA;STF
2523;BOUQUET;PROVINCIA;STF
2525;SAIRA;PROVINCIA;CBA
2527;MARIA SUSANA;PROVINCIA;STF
2529;PIAMONTE;PROVINCIA;STF
2533;LOS CARDOS;PROVINCIA;STF
2535;EL TREBOL;PROVINCIA;STF
2550;BELL VILLE;PROVINCIA;CBA
2553;JUSTINIANO POSSE;PROVINCIA;CBA
2555;ORDO EZ;PROVINCIA;CBA
2563;NOETINGER;PROVINCIA;STF
2566;SAN MARCOS SUR;PROVINCIA;CBA
2568;MORRISON;PROVINCIA;CBA
2572;BALLESTEROS;PROVINCIA;CBA
2580;MARCOS JUAREZ;PROVINCIA;CBA
2581;LOS SURGENTES;PROVINCIA;CBA
2585;CAMILO ALDAO;PROVINCIA;CBA
2587;INRIVILLE;PROVINCIA;CBA
2589;MONTE BUEY;PROVINCIA;STF
2592;GRAL.ROCA;PROVINCIA;CBA
2594;LEONES;PROVINCIA;STF
2600;VENADO TUERTO;PROVINCIA;STF
2601;MURPHY;PROVINCIA;STF
2603;PAMPAYASTA;PROVINCIA;CBA
2605;SANTA ISABEL;PROVINCIA;STF
2607;VILLA CAÑAS;PROVINCIA;STF
2609;MARIA TERESA;PROVINCIA;STF
2613;SAN GREGORIO;PROVINCIA;STF
2617;SANCTI SPIRITU;PROVINCIA;STF
2622;MAGGIOLO;PROVINCIA;STF
2624;ARIAS;PROVINCIA;CBA
2627;GUATIMOZIN;PROVINCIA;CBA
2630;FIRMAT;PROVINCIA;STF
2633;CHOVET;PROVINCIA;STF
2637;LOS QUIRQUINCHOS;PROVINCIA;STF
2639;BERAVEBU;PROVINCIA;STF
2643;CHAÑAR LADEADO;PROVINCIA;STF
2645;CORRAL DE BUSTOS;PROVINCIA;CBA
2650;CANALS;PROVINCIA;CBA
2651;SAN JORGE;PROVINCIA;STF
2655;W.ESCALANTE;PROVINCIA;CBA
2657;LABORDE;PROVINCIA;STF
2658;MONTE MAIZ;PROVINCIA;STF
2659;MONTE MAIZ;PROVINCIA;CBA
2661;ISLA VERDE;PROVINCIA;STF
2662;ALEJO LEDESMA;PROVINCIA;CBA
2670;LA CARLOTA;PROVINCIA;CBA
2671;SANTA EUFEMIA;PROVINCIA;STF
2675;CHAZON;PROVINCIA;CBA
2677;UCACHA;PROVINCIA;CBA
2679;PASCANAS;PROVINCIA;CBA
2681;ETRURIA;PROVINCIA;CBA
2686;ALEJANDRO;PROVINCIA;CBA
26O5;CAPITAL FEDERAL;PROVINCIA;CAP
2700;PERGAMINO;PROVINCIA;BA
2701;GRAL. GELY;PROVINCIA;STF
2713;MANUEL OCAMPO;PROVINCIA;STF
2717;ACEVEDO;PROVINCIA;BA
2718;URQUIZA;PROVINCIA;BA
2720;COLON;PROVINCIA;BA
2722;WHEELWRIGHT;PROVINCIA;STF
2723;JUNCAL;PROVINCIA;STF
2725;HUGHES;PROVINCIA;STF
2726;LABORDEBOY;PROVINCIA;STF
2728;MELINCUE;PROVINCIA;STF
2729;CARRERAS;PROVINCIA;STF
2732;ELORTONDO;PROVINCIA;STF
2735;HUGHES;PROVINCIA;STF
2740;ARRECIFES;PROVINCIA;BA
2752;CAPITAN SARMIENTO;PROVINCIA;BA
2760;SAN ANTONIO DE ARECO;PROVINCIA;BA
2788;MELINCUE;PROVINCIA;STF
2800;ZARATE;PROVINCIA;BA
2804;CAMPANA;PROVINCIA;BA
2812;CAPILLA DEL SEÑOR;PROVINCIA;BA
2820;GUALEGUAYCHU;PROVINCIA;ER
2826;URDINARRAIN;PROVINCIA;ER
2840;GUALEGUAY;PROVINCIA;ER
2841;SALTO;PROVINCIA;BA
2854;LARROQUE;PROVINCIA;ER
2900;SAN NICOLAS;PROVINCIA;BA
2901;LA EMILIA;PROVINCIA;STF
2905;GENERAL ROJO;PROVINCIA;STF
2907;CONESA;PROVINCIA;BA
2914;RAMALLO;PROVINCIA;BA
2915;RAMALLO;PROVINCIA;BA
2918;EMP. V. CONSTITUCION;PROVINCIA;STF
2919;VILLA CONSTITUCION;PROVINCIA;STF
2921;GODOY;PROVINCIA;STF
2930;SAN PEDRO;PROVINCIA;BA
2932;CAMPANA;PROVINCIA;BA
2935;DOYLE;PROVINCIA;CBA
2942;BARADERO;PROVINCIA;BA
300-;CAPITAL FEDERAL;PROVINCIA;CAP
3000;SANTA FE;PROVINCIA;STF
3003;HELVECIA;PROVINCIA;STF
3005;SAN JAVIER;PROVINCIA;STF
3009;FRANCK;PROVINCIA;STF
3011;SAN  JERONIMO NORTE;PROVINCIA;STF
3013;SAN CARLOS CENTRO;PROVINCIA;STF
3016;STO.TOME;PROVINCIA;STF
3017;SAUCE VIEJO;PROVINCIA;STF
3020;REYNALDO CULLEN;PROVINCIA;STF
3032;NELSON;PROVINCIA;STF
3036;LLAMBI CAMPBELL;PROVINCIA;STF
3040;SAN JUSTO;PROVINCIA;STF
3044;GOBERNADOR CRESPO;PROVINCIA;STF
3048;VIDELA;PROVINCIA;STF
3050;CALCHAQUI;PROVINCIA;STF
3051;ALEJANDRA;PROVINCIA;STF
3056;MARGARITA;PROVINCIA;STF
3060;TOSTADO;PROVINCIA;STF
3070;SAN CRISTOBAL;PROVINCIA;STF
3080;ESPERANZA;PROVINCIA;STF
3081;SANTA FE;PROVINCIA;STF
3100;PARANA;PROVINCIA;ER
3103;VILLA LIB. SAN MARTIN;PROVINCIA;ER
3105;DIAMANTE;PROVINCIA;ER
3109;VIALE ENTRE RIOS;PROVINCIA;ER
3114;ALDEA MARIA LUISA;PROVINCIA;ER
3116;CRESPO;PROVINCIA;ER
3127;HERNANDARIAS;PROVINCIA;ER
3134;HASENKAMP;PROVINCIA;ER
3142;BOVRIL;PROVINCIA;ER
3150;NOGOYA;PROVINCIA;ER
3153;VICTORIA;PROVINCIA;ER
3158;L.GONZALEZ;PROVINCIA;ER
3164;RAMIREZ;PROVINCIA;ER
3170;BASAVILBASO;PROVINCIA;ER
3174;ROSARIO DEL TALA;PROVINCIA;ER
3180;FEDERAL;PROVINCIA;ER
3187;S.JOSE DE FELICIANO;PROVINCIA;ER
3190;LA PAZ;PROVINCIA;ER
3192;SANTA ELENA;PROVINCIA;ER
3196;ESQUINA;PROVINCIA;COR
3200;CONCORDIA;PROVINCIA;ER
3206;FEDERACION;PROVINCIA;ER
3218;SAN SALVADOR;PROVINCIA;ER
3220;MONTE CASEROS;PROVINCIA;COR
3228;CHAJARI;PROVINCIA;ER
3230;P.DE LOS LIBRES;PROVINCIA;COR
3240;VILLAGUAY;PROVINCIA;ER
3260;CONCEPCION DEL URUGUAY;PROVINCIA;ER
3262;V. SAN JUSTO;PROVINCIA;ER
3265;VILLA ELISA;PROVINCIA;ER
3280;COLON;PROVINCIA;ER
3283;SAN JOSE;PROVINCIA;ER
3300;POSADAS;PROVINCIA;MSN
3302;ITUZAINGO;PROVINCIA;COR
3308;CANDELARIA;PROVINCIA;MSN
3315;POSADAS;PROVINCIA;MSN
3322;SAN IGNACIO;PROVINCIA;MSN
3324;GOBERNADOR ROCA;PROVINCIA;MSN
3328;JARDIN AMERICA;PROVINCIA;MSN
3332;CAPIOVY;PROVINCIA;MSN
3334;PUERTO RICO;PROVINCIA;MSN
3340;SANTO TOME;PROVINCIA;COR
3342;GOBERNADOR VIRASORO;PROVINCIA;COR
3344;ALVEAR;PROVINCIA;COR
3350;APOSTOLES;PROVINCIA;MSN
3360;OBERA;PROVINCIA;MSN
3362;CAMPO GRANDE;PROVINCIA;MSN
3364;ARIST. DEL VALLE;PROVINCIA;MSN
13364;SAN PEDRO;PROVINCIA;MSN
3370;IGUAZU;PROVINCIA;MSN
3380;ELDORADO;PROVINCIA;MSN
3384;MONTE CARLO;PROVINCIA;MSN
3400;CORRIENTES;PROVINCIA;COR
3414;ITATI;PROVINCIA;COR
3418;EMPEDRADO;PROVINCIA;COR
3420;SALADAS;PROVINCIA;COR
3432;BELLA VISTA;PROVINCIA;COR
3440;SANTA LUCIA;PROVINCIA;COR
3450;GOYA;PROVINCIA;COR
3460;CURUZU CUATIA;PROVINCIA;COR
3463;SAUCE;PROVINCIA;COR
3470;MERCEDES;PROVINCIA;COR
3480;ITA IBATE;PROVINCIA;COR
3485;SAN MIGUEL;PROVINCIA;COR
3500;RESISTENCIA;PROVINCIA;CHA
3501;CORRIENTES;PROVINCIA;COR
3503;BARRANQUERAS;PROVINCIA;CHA
13503;BASTIA DI ROVOLON (PD);PROVINCIA;PD
3505;PTO.TIROL;PROVINCIA;CHA
3509;G.SAN MARTIN;PROVINCIA;CHA
3518;LAS PALMAS;PROVINCIA;CHA
3530;QUITILIPI;PROVINCIA;CHA
3531;PAMPA DEL INDIO;PROVINCIA;CHA
3534;MACHAGAI;PROVINCIA;CHA
3536;P.DE LA PLAZA;PROVINCIA;CHA
3540;VILLA ANGELA;PROVINCIA;CHA
3541;STA.SILVINA;PROVINCIA;CHA
3545;VILLA BERTHET;PROVINCIA;CHA
3550;VERA;PROVINCIA;STF
3555;ROMANG;PROVINCIA;STF
3560;RECONQUISTA;PROVINCIA;STF
3561;AVELLANEDA;PROVINCIA;STF
3572;MALABRIGO;PROVINCIA;STF
3580;V.OCAMPO;PROVINCIA;STF
3586;LAS TOSCAS;PROVINCIA;STF
3600;FORMOSA;PROVINCIA;FOR
3603;EL COLORADO;PROVINCIA;STF
3606;PIRANE;PROVINCIA;FOR
3608;PALO SANTO;PROVINCIA;FOR
3610;CLORINDA;PROVINCIA;FOR
3613;LAGUNA BLANCA;PROVINCIA;FOR
3620;CMTE.FONTANA;PROVINCIA;FOR
3624;IBARRETA;PROVINCIA;FOR
3626;EST.DEL CAMPO;PROVINCIA;FOR
3630;LAS LOMITAS;PROVINCIA;FOR
3700;P.ROQUE S. PEÑA;PROVINCIA;CHA
3701;SAN BERNARDO;PROVINCIA;CHA
3703;TRES ISLETAS;PROVINCIA;CHA
3705;J.J.CASTELLI;PROVINCIA;CHA
3714;MONTE QUEMADO;PROVINCIA;STG
3716;CAMPO LARGO;PROVINCIA;CHA
3718;CORZUELA;PROVINCIA;CHA
3722;LAS BREÑAS;PROVINCIA;CHA
3730;CHARATA;PROVINCIA;CHA
3732;GRAL.PINEDO;PROVINCIA;CHA
3733;HERMOSO CAMPO;PROVINCIA;CHA
3740;QUIMILI;PROVINCIA;STG
3760;AÑATUYA;PROVINCIA;STG
3830;LAS LOMITAS;PROVINCIA;FOR
4000;S. M. DE TUCUMAN;PROVINCIA;TUC
4103;TAFI VIEJO;PROVINCIA;TUC
4109;BANDA DEL RIO SALI;PROVINCIA;TUC
4113;LEALES;PROVINCIA;TUC
4124;EL MANANTIAL  TUCUMAN;PROVINCIA;TUC
4128;LULES;PROVINCIA;TUC
4132;FAMAILLA;PROVINCIA;TUC
4139;SANTA MARIA;PROVINCIA;CAT
4141;COLALAO DEL VALLE;PROVINCIA;TUC
4142;MONTEROS;PROVINCIA;TUC
4144;VILLA QUINTEROS;PROVINCIA;TUC
4146;CONCEPCION;PROVINCIA;TUC
4152;AGUILARES;PROVINCIA;TUC
4158;JUAN B. ALBERDI;PROVINCIA;TUC
4162;LA COCHA;PROVINCIA;TUC
4172;SIMOCA;PROVINCIA;TUC
4178;ALDERETE;PROVINCIA;TUC
4190;R.DE LA FRONTERA;PROVINCIA;SAL
4200;SANTIAGO DEL ESTERO;PROVINCIA;STG
4220;T.DE R.HONDO;PROVINCIA;STG
4230;FRIAS;PROVINCIA;STG
4242;9 DE JULIO;PROVINCIA;BA
4300;LA BANDA;PROVINCIA;STG
4301;AREAS;PROVINCIA;STG
14301;ALBERI;PROVINCIA;PAR
4303;BASILICANOVA;PROVINCIA;PAR
4312;FORRES;PROVINCIA;STG
4322;FERNANDEZ;PROVINCIA;STG
4324;TABOADA;PROVINCIA;STG
4326;LUGONES;PROVINCIA;STG
4332;COLONIA DORA;PROVINCIA;STG
4338;CLODOMIRA;PROVINCIA;STG
4350;SUNCHO CORRAL;PROVINCIA;STG
4400;SALTA;PROVINCIA;SAL
4405;R.DE LERMA;PROVINCIA;SAL
4421;EL CARRIL;PROVINCIA;SAL
4427;CAFAYATE;PROVINCIA;SAL
4430;GRAL. GUEMES;PROVINCIA;SAL
4432;EL BORDO (DPTO GUEMES);PROVINCIA;SAL
4440;METAN;PROVINCIA;SAL
4448;J.V.GONZALEZ;PROVINCIA;SAL
4500;SAN P.JUJUY;PROVINCIA;JUJ
4512;LEDESMA;PROVINCIA;JUJ
4530;ORAN;PROVINCIA;SAL
4531;COL.SANTA ROSA;PROVINCIA;SAL
4560;TARTAGAL;PROVINCIA;SAL
4600;SAN SALVADOR DE JUJUY;PROVINCIA;JUJ
4603;EL CARMEN;PROVINCIA;JUJ
4608;PERICO;PROVINCIA;JUJ
4612;PALPALA;PROVINCIA;JUJ
4700;CATAMARCA;PROVINCIA;CAT
4723;ALIJILAN;PROVINCIA;CAT
4740;ANDALGALA;PROVINCIA;CAT
5;CAPITAL FEDERAL;PROVINCIA;CAP
5000;CORDOBA;PROVINCIA;CBA
5001;CORDOBA;PROVINCIA;CBA
5003;ALTO ALBERDI;PROVINCIA;CBA
5006;BARRIO EMPALME;PROVINCIA;CBA
5009;CORDOBA;PROVINCIA;CBA
5012;CORDOBA;PROVINCIA;CBA
5019;CORDOBA;PROVINCIA;CBA
5020;CORDOBA;PROVINCIA;CBA
5101;YOCSINA;PROVINCIA;CBA
5105;VILLA ALLENDE;PROVINCIA;CBA
5111;RIO CEBALLOS;PROVINCIA;CBA
5117;LAS HIGUERAS;PROVINCIA;CBA
5121;DESPEÑADEROS;PROVINCIA;CBA
5123;TOLEDO;PROVINCIA;CBA
5133;SANTA ROSA DE RIO PRIMERO;PROVINCIA;CBA
5134;MIRAMAR;PROVINCIA;CBA
5137;LA PUERTA;PROVINCIA;CBA
5145;JUAREZ CELMAN;PROVINCIA;CBA
5147;VILLA BELGRANO;PROVINCIA;CBA
5151;LA CALERA;PROVINCIA;CBA
5152;VILLA CARLOS PAZ;PROVINCIA;CBA
5166;COSQUIN;PROVINCIA;CBA
5172;LA FALDA;PROVINCIA;CBA
5178;LA CUMBRE;PROVINCIA;CBA
5184;CAPILLA DEL MONTE;PROVINCIA;CBA
5186;ALTA GRACIA;PROVINCIA;CBA
5191;SAN AGUSTIN;PROVINCIA;CBA
5194;VILLA GRAL. BELGRANO;PROVINCIA;CBA
5196;S.R.CALAMUCHITA;PROVINCIA;CBA
5221;SANTA TERESA;PROVINCIA;CBA
5236;VILLA DEL TOTORAL;PROVINCIA;CBA
5238;LAS PEIAS;PROVINCIA;CBA
5260;RECREO;PROVINCIA;CAT
5280;CRUZ DEL EJE;PROVINCIA;CBA
5300;LA RIOJA;PROVINCIA;LAR
5310;AIMOGASTA;PROVINCIA;LAR
5340;TINOGASTA;PROVINCIA;CAT
5350;VILLA UNION;PROVINCIA;LAR
5378;JUSTO DARAC;PROVINCIA;SLU
5400;SAN JUAN;PROVINCIA;SJU
5411;SANTA LUCIA;PROVINCIA;SJU
5425;VILLA KRAUSE;PROVINCIA;SJU
5435;VILLA SARMIENTO.EST.M. AGUA;PROVINCIA;SJU
5460;JACHAL;PROVINCIA;SJU
5470;CHEPES;PROVINCIA;LAR
5500;MENDOZA;PROVINCIA;MZA
5501;GODOY CRUZ;PROVINCIA;MZA
5505;CARBOMETAL;PROVINCIA;MZA
5507;LUJAN DE CUYO;PROVINCIA;MZA
5515;MAIPU;PROVINCIA;MZA
5519;SAN JOSE;PROVINCIA;MZA
5521;VILLA NUEVA;PROVINCIA;MZA
5539;LAS HERAS;PROVINCIA;MZA
5560;TUNUYAN;PROVINCIA;MZA
5561;TUPUNGATO;PROVINCIA;MZA
5567;LA CONSULTA;PROVINCIA;MZA
5569;EUGENIO BUSTOS;PROVINCIA;MZA
5570;SAN MARTIN;PROVINCIA;MZA
5573;JUNIN;PROVINCIA;MZA
5577;RIVADAVIA;PROVINCIA;MZA
5587;ISLA GRANDE;PROVINCIA;MZA
5600;SAN RAFAEL;PROVINCIA;MZA
5700;SAN LUIS;PROVINCIA;SLU
5701;EL CHORRILLO;PROVINCIA;CBA
5711;QUINES;PROVINCIA;SLU
5730;VILLA MERCEDES;PROVINCIA;SLU
5731;JUAN JORBA;PROVINCIA;SLU
5738;JUSTO DARACT;PROVINCIA;SLU
5750;LA TOMA;PROVINCIA;SLU
5759;NASCHEL;PROVINCIA;SLU
5770;CONCARAN;PROVINCIA;SLU
5773;TILISARAO;PROVINCIA;SLU
5777;SANTA ROSA;PROVINCIA;SLU
5800;RIO CUARTO;PROVINCIA;CBA
5803;REDUCCION;PROVINCIA;CBA
5805;LAS HIGUERAS;PROVINCIA;CBA
5807;CHARRAS;PROVINCIA;CBA
5809;GRAL. CABRERA;PROVINCIA;CBA
5813;ALCIRA GIGENA;PROVINCIA;CBA
5815;ELENA;PROVINCIA;CBA
5817;BERROTARAN;PROVINCIA;CBA
5823;LOS CONDORES;PROVINCIA;CBA
5829;SAMPACHO;PROVINCIA;CBA
5833;ACHIRAS;PROVINCIA;CBA
5841;SAN BASILIO;PROVINCIA;CBA
5843;ADELIA MARIA;PROVINCIA;CBA
5847;CORONEL MOLDES;PROVINCIA;CBA
5848;LAS ACEQUIAS;PROVINCIA;CBA
5850;RIO TERCERO;PROVINCIA;CBA
5854;ALMAFUERTE;PROVINCIA;CBA
5856;EMBALSE;PROVINCIA;CBA
5862;VILLA DEL DIQUE;PROVINCIA;CBA
5870;VILLA DOLORES;PROVINCIA;CBA
5881;MERLO;PROVINCIA;SLU
5889;MINA CLAVERO;PROVINCIA;CBA
5900;VILLA MARIA;PROVINCIA;CBA
5903;VILLA NUEVA;PROVINCIA;CBA
5917;ARROYO CABRAL;PROVINCIA;CBA
5919;DALMACIO VELEZ;PROVINCIA;CBA
5921;LAS PERDICES;PROVINCIA;CBA
5923;GRAL. DEHEZA;PROVINCIA;CBA
5925;PASCO;PROVINCIA;CBA
5929;HERNANDO;PROVINCIA;CBA
5933;TANCACHA;PROVINCIA;CBA
5936;TIO PUJIO;PROVINCIA;CBA
5940;LAS VARILLAS;PROVINCIA;CBA
5959;DALMAIO VELEZ;PROVINCIA;STF
5960;RIO SEGUNDO;PROVINCIA;CBA
5963;VILLA REL ROSARIO;PROVINCIA;CBA
5972;PILAR;PROVINCIA;CBA
5980;OLIVA;PROVINCIA;CBA
5984;JAMES CRAIK;PROVINCIA;CBA
5986;ONCATIVO;PROVINCIA;CBA
6000;JUNIN;PROVINCIA;BA
6001;RAFAEL OBLIGAD0;PROVINCIA;BA
6005;GRAL. ARENALES;PROVINCIA;BA
6007;ARRIBE 0S;PROVINCIA;BA
6009;TEODELINA;PROVINCIA;BA
6015;GRAL. VIAMONTE;PROVINCIA;BA
6030;VEDIA;PROVINCIA;STF
6034;JUAN B.ALBERDI;PROVINCIA;BA
6036;DIEGO DE ALVEAR;PROVINCIA;STF
6070;LINCOLN;PROVINCIA;BA
6077;PASTEUR;PROVINCIA;BA
6100;RUFINO;PROVINCIA;STF
6120;LABOULAYE;PROVINCIA;CBA
6121;HUANCHILLA;PROVINCIA;CBA
6123;MELO;PROVINCIA;CBA
6125;SERRANO;PROVINCIA;CBA
6127;JOVITA;PROVINCIA;CBA
6128;ROSALES;PROVINCIA;CBA
6132;GRAL.LEVALLE;PROVINCIA;CBA
6140;VICUNA MACKENNA;PROVINCIA;CBA
6200;REALICO;PROVINCIA;CBA
6221;INT.ALVEAR;PROVINCIA;LAP
6230;GENERAL VILLEGAS;PROVINCIA;BA
6237;AMERICA PDO. DE RIVADAVIA;PROVINCIA;BA
6270;HUINCA RENANCO;PROVINCIA;CBA
6271;MATTALDI;PROVINCIA;CBA
6275;VILLA HUIDOBRO;PROVINCIA;CBA
6300;SANTA ROSA;PROVINCIA;LAP
6319;VICTORIA;PROVINCIA;ER
6339;SALLIQUELO;PROVINCIA;BA
6360;GENERAL PICO;PROVINCIA;LAP
6400;TRENQUE LAUQUEN;PROVINCIA;BA
6435;GUAMINI;PROVINCIA;BA
6450;PEHUAJO;PROVINCIA;BA
6455;CARLOS TEJEDOR;PROVINCIA;BA
6465;HENDERSON;PROVINCIA;BUE
6500;9 DE JULIO;PROVINCIA;BA
6530;CARLOS CASARES;PROVINCIA;BA
6600;MERCEDES;PROVINCIA;BA
6612;SUIPACHA;PROVINCIA;BA
6620;CHIVILCOY;PROVINCIA;BA
6634;ALBERTI;PROVINCIA;BA
6640;BRAGADO;PROVINCIA;BA
6646;GENERAL OBRIEN;PROVINCIA;BA
6654;ALBERTI;PROVINCIA;BA
6660;25 DE MAYO;PROVINCIA;BA
6700;LUJAN;PROVINCIA;BA
6708;OPEN DOOR;PROVINCIA;BA
6720;SAN ANDRES DE GILES;PROVINCIA;BA
6734;RAWSON;PROVINCIA;BA
6740;CHACABUCO  BUENOS AIRES;PROVINCIA;STF
7000;TANDIL;PROVINCIA;BA
7020;BENITO JUAREZ;PROVINCIA;BA
7100;DOLORES;PROVINCIA;BA
7107;SANTA TERESITA;PROVINCIA;BA
7116;CASTELLI;PROVINCIA;BA
7130;CHASC0MUS;PROVINCIA;STF
7150;AYACUCHO;PROVINCIA;BA
7163;GENERAL MADARIAGA;PROVINCIA;BA
7165;VILLA GESELL;PROVINCIA;BA
7167;PINAMAR;PROVINCIA;BA
7200;LAS FLORES;PROVINCIA;STF
7203;RAUCH;PROVINCIA;BA
7220;MONTE;PROVINCIA;BA
7240;LOBOS;PROVINCIA;BA
7245;ROQUE PEREZ;PROVINCIA;BA
7260;SALADILLO;PROVINCIA;BA
7300;AZUL;PROVINCIA;BA
7400;OLAVARRIA;PROVINCIA;BA
7406;LA MADRID;PROVINCIA;BA
7500;TRES ARROYOS;PROVINCIA;BA
7509;ORIENTE;PROVINCIA;BA
7530;CNEL.PRINGLES;PROVINCIA;BA
7540;CORONEL SUAREZ;PROVINCIA;BA
7600;MAR DEL PLATA;PROVINCIA;BA
7607;MIRAMAR;PROVINCIA;BA
7620;BALCARCE;PROVINCIA;BA
7630;NECOCHEA;PROVINCIA;BA
7635;LOBERIA;PROVINCIA;BA
7779;MEDIANEIRA;PROVINCIA;BRA
8000;BAHIA BLANCA;PROVINCIA;BA
8103;INGENIERO WHITE;PROVINCIA;BA
8170;PIGUE;PROVINCIA;BA
8180;PUAN;PROVINCIA;BA
8200;GRAL. ACHA;PROVINCIA;LAP
8300;NEUQUEN;PROVINCIA;NQN
8303;CINCO SALTOS;PROVINCIA;RIO
8307;CATRIEL;PROVINCIA;RIO
8309;CENTENARIO;PROVINCIA;NQN
8322;CUTRAL CO;PROVINCIA;NQN
8324;CIPOLLETTI;PROVINCIA;RIO
8328;ALLEN;PROVINCIA;RIO
8332;GRAL. ROCA;PROVINCIA;RIO
8336;VILLA REGINA;PROVINCIA;RIO
8340;ZAPALA;PROVINCIA;NQN
8347;CALIUHE;PROVINCIA;NUE
8353;CHOS MALAL;PROVINCIA;NQN
8360;CHOELE CHOEL;PROVINCIA;RIO
8400;BARILOCHE;PROVINCIA;RIO
8431;EL HOYO;PROVINCIA;CHU
8500;VIEDMA;PROVINCIA;RIO
8504;CARMEN DE PATAGONES;PROVINCIA;BA
8600;CENTRO - UMUARAMA;PROVINCIA;BRA
8881;CARILO;PROVINCIA;BA
8882;TORRES;PROVINCIA;BRA
8883;LUQUE;PROVINCIA;PAR
8891;BOMBINHAS;PROVINCIA;BRA
8999;SANTIAGO;PROVINCIA;CHI
9000;COMODORO RIVADAVIA;PROVINCIA;CHU
9050;TOLEDO;PROVINCIA;BRA
9103;RAWSON;PROVINCIA;CHU
9120;BAHIA CRACHER;PROVINCIA;CHU
9300;RIO GALLEGOS;PROVINCIA;SCZ
9310;SAN JULIAN;PROVINCIA;SCZ
9400;RIO GALLEGOS;PROVINCIA;SCZ
9407;RIO TURBIO;PROVINCIA;SCZ
9410;USHUAIA;PROVINCIA;TDF
9420;RIO GRANDE;PROVINCIA;TDF
3061;VILLA MINETTI;PROVINCIA;STF
1672;VILLA LYNCH;PROVINCIA;BA
7521;SAN CAYETANO;PROVINCIA;BA
9030;RIO MAYO;PROVINCIA;CHU
1282;CAPITAL FEDERAL;PROVINCIA;CAP
1006;CAPITAL FEDERAL;PROVINCIA;CAP
6430;CARHUE;PROVINCIA;BA
6343;VILLA MAZA;PROVINCIA;BA
1043;BUENOS AIRES;PROVINCIA;CAP
6333;QUEMU-QUEMU;PROVINCIA;NQN
2946;GOBERNADOR CASTRO;PROVINCIA;BA
6405;30 DE AGOSTO;PROVINCIA;BA
6555;DAIREAUX;PROVINCIA;BA
1872;SARANDI;PROVINCIA;BA
1812;CARLOS SPEGAZZINI;PROVINCIA;BA
1718;SAN ANTONIO DE PADUA;PROVINCIA;BA
1032;BUENOS AIRES;PROVINCIA;CAP
6725;CARMEN DE ARECO;PROVINCIA;BA
9223;GDOR. COSTA;PROVINCIA;CHU
6533;QUIROGA;PROVINCIA;BA
8184;PEDRO LURO;PROVINCIA;BA
4550;EMBARCACION;PROVINCIA;SAL
6346;PELLEGRINI;PROVINCIA;BA
6534;MARTINEZ DE HOZ;PROVINCIA;BA
7303;TAPALQUE;PROVINCIA;BA
1141;CAPITAL FEDERAL;PROVINCIA;CAP
5951;EL FORTIN;PROVINCIA;CBA
1076;CAPITAL FEDERAL;PROVINCIA;CAP
6471;SALAZAR;PROVINCIA;BA
1214;CAPITAL FEDERAL;PROVINCIA;CAP
6439;LAGUNA ALSINA;PROVINCIA;BA
3615;GRAL. BELGRANO;PROVINCIA;FOR
6663;N. DE LA RIESTRA;PROVINCIA;BA
1084;BUENOS AIRES;PROVINCIA;CAP
1893;CTRO. AGR. EL PATO;PROVINCIA;BA
1107;BUENOS AIRES;PROVINCIA;CAP
8148;PEDRO LURO;PROVINCIA;BA
6050;GRAL. PINTO;PROVINCIA;BA
5974;LAGUNA LARGA;PROVINCIA;CBA
6311;GUATRACHE;PROVINCIA;LAP
2705;ROJAS;PROVINCIA;BA
6472;FCO. MADERO;PROVINCIA;BA
2743;ARROYO DULCE;PROVINCIA;BA
6075;ROBERTS;PROVINCIA;BA
7637;LA DULCE;PROVINCIA;BA
1987;GRAL. PAZ;PROVINCIA;BA
6550;BOLIVAR;PROVINCIA;BA
6380;EDUARDO CASTEX;PROVINCIA;LAP
5220;JESUS MARIA;PROVINCIA;CBA
2258;STA. CLARA DE B. VISTA;PROVINCIA;STF
1200;CIUDAD AUTONOMA DE BUENOS AIRES;PROVINCIA;BA
8150;CORONEL DORREGO;PROVINCIA;BA
8183;DARREGUEIRA;PROVINCIA;BA
5010;CORDOBA;PROVINCIA;CBA
4568;PROFESOR SALVADOR MAZZA;PROVINCIA;SAL
7174;CNEL. VIDAL;PROVINCIA;BA
8174;SAAVEDRA;PROVINCIA;BA
6064;AMEGHINO;PROVINCIA;BA
8512;VILLALONGA;PROVINCIA;BA
2130;FUENTES;PROVINCIA;STF
6216;NUEVA GALIA;PROVINCIA;SLU
6330;CATRILO;PROVINCIA;LAP
6409;TRES LOMAS;PROVINCIA;BA
6307;MACACHIN;PROVINCIA;LAP
7172;GRAL. PIRAN;PROVINCIA;BA
3107;SAN BENITO;PROVINCIA;ER
3064;BANDERA;PROVINCIA;STG
6469;MONES CAZON;PROVINCIA;BA
1264;BUENOS AIRES;PROVINCIA;CAP
1017;BUENOS AIRES;PROVINCIA;CAP
6223;CORONEL CHARLONE;PROVINCIA;BA
3378;PUERTO ESPERANZA;PROVINCIA;MSN
5380;CHAMICAL;PROVINCIA;LAR
5913;POZO DEL MOLLE;PROVINCIA;CBA
4750;BELEN;PROVINCIA;CAT
3122;CERRITO;PROVINCIA;ER
8138;RIO COLORADO;PROVINCIA;RIO
2417;ALTOS DE CHIPION;PROVINCIA;CBA
5945;SACANTA;PROVINCIA;CBA
7513;GONZALEZ CHAVEZ;PROVINCIA;BA
6315;COLONIA BARON;PROVINCIA;LAP
1123;BUENOS AIRES;PROVINCIA;CAP
1023;BUENOS AIRES;PROVINCIA;CAP
4449;LAS LAJITAS;PROVINCIA;SAL
1836;LLAVALLOL;PROVINCIA;BA
1295;CAPITAL FEDERAL;PROVINCIA;CAP
9100;TRELEW;PROVINCIA;CHU
9200;ESQUEL;PROVINCIA;CHU
6417;CASBAS;PROVINCIA;BA
5223;COLONIA CAROYA;PROVINCIA;CBA
2715;EL SOCORRO;PROVINCIA;BA
5584;PALMIRA;PROVINCIA;MZA
2114;ALVAREZ;PROVINCIA;STF
1270;BUENOS AIRES;PROVINCIA;CAP
3346;LA CRUZ;PROVINCIA;COR
1129;BUENOS AIRES;PROVINCIA;CAP
7545;HUANGUELEN;PROVINCIA;BA
5590;LA PAZ;PROVINCIA;MZA
8418;INGENIERO JACOBACCI;PROVINCIA;RIO
5139;MARULL;PROVINCIA;CBA
5360;CHILECITO;PROVINCIA;LAR
5713;CANDELARIA;PROVINCIA;SLU
6205;INGENIERO LUIGGI;PROVINCIA;LAP
8503;GRAL. CONESA;PROVINCIA;RIO
3368;SAN PEDRO;PROVINCIA;MSN
6101;LA CESIRA;PROVINCIA;CBA
2409;ZENON PEREYRA;PROVINCIA;STF
5141;BALNEARIA;PROVINCIA;CBA
7011;J.N. FERNANDEZ;PROVINCIA;BA
6062;CNEL. GRANADA;PROVINCIA;BA
5969;CALCHIN;PROVINCIA;CBA
7109;MAR DE AJO;PROVINCIA;BA
3517;COLONIA ELISA;PROVINCIA;CHA
4197;NUEVA ESPERANZA;PROVINCIA;STG
2618;CARMEN;PROVINCIA;STF
7003;M. IGNACIA;PROVINCIA;BA
2933;PEREZ MILLAN;PROVINCIA;BA
6231;TRES ALGARROBOS;PROVINCIA;BA
7160;MAIPU;PROVINCIA;BA
5284;VILLA DE SOTO;PROVINCIA;CBA
2501;BUSTINZA;PROVINCIA;STF
5127;RIO PRIMERO;PROVINCIA;CBA
8160;TORNQUIST;PROVINCIA;BA
5911;LA PLAYOSA;PROVINCIA;CBA
5805;CARNERILLO;PROVINCIA;CBA
2313;MOISES VILLE;PROVINCIA;STF
1609;BOULOGNE;PROVINCIA;BA
8126;VILLA IRIS;PROVINCIA;BA
8132;MEDANOS;PROVINCIA;BA
1232;BUENOS AIRES;PROVINCIA;CAP
6301;MIGUEL RIGLOS;PROVINCIA;LAP
6551;PIROVANO;PROVINCIA;BA
7515;DE LA GARMA;PROVINCIA;BA
2741;SALTO;PROVINCIA;BA
2306;VILA;PROVINCIA;STF
1014;BUENOS AIRES;PROVINCIA;CAP
3133;MARIA GRANDE;PROVINCIA;ER
8201;25 DE MAYO;PROVINCIA;LAP
6241;E. V. BUNGE;PROVINCIA;BA
2242/1;AROCENA;PROVINCIA;STF
1101;BUENOS AIRES;PROVINCIA;CAP
6505;DUDIGNAC;PROVINCIA;BA
8109;PUNTA ALTA;PROVINCIA;BA
1184;BUENOS AIRES;PROVINCIA;CAP
2843;GRAL. GALARZA;PROVINCIA;ER
2432;EL TIO;PROVINCIA;CBA
6474;JUAN JOSE PASO;PROVINCIA;BA
3023;PROGRESO;PROVINCIA;STF
8146;M. BURATOVICH;PROVINCIA;BA
5620;GRAL. ALVEAR;PROVINCIA;MZA
7318;HINOJO;PROVINCIA;BA
2583;GRAL. BALDISSERA;PROVINCIA;CBA
3029;ELISA;PROVINCIA;STF
1119;BUENOS AIRES;PROVINCIA;CAP
5383;OLTA;PROVINCIA;LAR
9017;LAS HERAS;PROVINCIA;SCZ
6441;RIVERA;PROVINCIA;BA
7503;ORENSE;PROVINCIA;BA
5943;SATURNINO M. LASPIUR;PROVINCIA;CBA
5125;MONTE CRISTO;PROVINCIA;CBA
1118;BUENOS AIRES;PROVINCIA;BA
1091;CAPITAL FEDERAL;PROVINCIA;CAP
5971;LAS JUNTURAS;PROVINCIA;CBA
6387;CALEUFU;PROVINCIA;LAP
1923;BERISSO;PROVINCIA;BA
1828;BANFIELD;PROVINCIA;BA
2303;ANGELICA;PROVINCIA;STF
2672;VIAMONTE;PROVINCIA;CBA
7609;STA. CLARA DEL MAR;PROVINCIA;BA
1439;BUENOS AIRES;PROVINCIA;CAP
8319;RINCON DE LOS SAUCES;PROVINCIA;NQN
1029;BUENOS AIRES;PROVINCIA;CAP
7263;GRAL. ALVEAR;PROVINCIA;LAP
5295;SALSACATE;PROVINCIA;CBA
5357;VINCHINA;PROVINCIA;LAR
7223;GRAL. BELGRANO;PROVINCIA;BA
2531;LANDETA;PROVINCIA;STF
3743;TINTINA;PROVINCIA;STG
5602;SAN RAFAEL;PROVINCIA;MZA
2436;TRANSITO;PROVINCIA;CBA
4707;VALLE VIEJO;PROVINCIA;CAT
1273;CAPITAL FEDERAL;PROVINCIA;CAP
3356;SAN VICENTE;PROVINCIA;MSN
8153;MONTE HERMOSO;PROVINCIA;BA
1063;BUENOS AIRES;PROVINCIA;CAP
3012;SA PEREIRA;PROVINCIA;STF
7105;SAN CLEMENTE DEL TUYU;PROVINCIA;BA
4107;YERBA BUENA;PROVINCIA;TUC
5511;GUTIERREZ;PROVINCIA;MZA
5927;TICINO;PROVINCIA;CBA
1613;LOS POLVORINES;PROVINCIA;BA
6003;ASCENCION;PROVINCIA;BA
8508;STROEDER;PROVINCIA;BA
6605;NAVARRO;PROVINCIA;BA
7603;CTE. N. OTAMENDI;PROVINCIA;BA
2302;RAMONA;PROVINCIA;STF
1814;CAÑUELAS;PROVINCIA;BA
6313;WINIFREDA;PROVINCIA;LAP
8430;EL BOLSON;PROVINCIA;RIO
6625;MOQUEHUA;PROVINCIA;BA
4119;LA RAMADA DE ABAJO;PROVINCIA;TUC
6273;VILLA VALERIA;PROVINCIA;CBA
1016;BUENOS AIRES;PROVINCIA;CAP
2557;IDIAZABAL;PROVINCIA;CBA
6244;BANDERALO;PROVINCIA;BA
7103;GRAL. LAVALLE;PROVINCIA;BA
3085;PILAR;PROVINCIA;STF
6665;PEDERNALES;PROVINCIA;BA
4609;MONTERRICO;PROVINCIA;JUJ
8371;JUNIN DE LOS ANDES;PROVINCIA;NQN
1911;BARTOLOME BAVIO;PROVINCIA;BA
1055;BUENOS AIRES;PROVINCIA;CAP
1203;BUENOS AIRES;PROVINCIA;CAP
8305;S. P. DEL CHAÑAR;PROVINCIA;NQN
18822;EZPELETA;PROVINCIA;BA
5967;LUQUE;PROVINCIA;CBA
4562;GRAL. E. MOSCONI;PROVINCIA;SAL
5442;CAUCETE;PROVINCIA;SJU
6369;TRENEL;PROVINCIA;LAP
1864;LONGCHAMPS;PROVINCIA;BA
1854;LONGCHAMPS;PROVINCIA;BA
6225;BUCHARDO;PROVINCIA;CBA
5965;MATORRALES;PROVINCIA;CBA
6065;BLAQUIER;PROVINCIA;BA
1225;BUENOS AIRES;PROVINCIA;CAP
5145/1;GUIÑAZU;PROVINCIA;CBA
7631;QUEQUEN;PROVINCIA;BA
5504;GODOY CRUZ;PROVINCIA;MZA
8345;ALUMINE;PROVINCIA;NQN
7605;MECHONGUE;PROVINCIA;BA
2140;PUEBLO ESTHER;PROVINCIA;STF
1080;BUENOS AIRES;PROVINCIA;CAP
1133;BUENOS AIRES;PROVINCIA;CAP
4168;BELLA VISTA;PROVINCIA;TUC
1024;CIUDAD AUTONOMA DE BUENOS AIRES;PROVINCIA;BA
5533;LAVALLE;PROVINCIA;MZA
1089;CIUDAD AUTONOMA DE BS.AS.;PROVINCIA;BA
3403;SAN LUIS DEL PALMAR;PROVINCIA;COR
1825;MONTE CHINGOLO;PROVINCIA;BA
9011;CALETA OLIVIA;PROVINCIA;SCZ
1763;VIRREY DEL PINO;PROVINCIA;BA
2559;SAN ANTONIO DE LITIN;PROVINCIA;CBA
2452;SAN JORGE;PROVINCIA;STF
3226;COLONIA MOCORETA;PROVINCIA;COR
1059;BUENOS AIRES;PROVINCIA;CAP
9020;SARMIENTO;PROVINCIA;CHU
1189;BUENOS AIRES;PROVINCIA;CAP
2425;COLONIA MARINA;PROVINCIA;CBA
5301;ANILLACO;PROVINCIA;LAR
3087;FELICIA;PROVINCIA;STF
52211;SINSACATE;PROVINCIA;CBA
8370;SAN MARTIN DE LOS ANDES;PROVINCIA;NQN
7414;LAPRIDA;PROVINCIA;BA
2845;GDOR. MANSILLA;PROVINCIA;ER
6272;MATTALDI;PROVINCIA;CBA
2135;ZAVALLA;PROVINCIA;STF
2703;CARABELAS;PROVINCIA;BA
8105;GRAL. DANIEL CERRI;PROVINCIA;BA
5613;MALARGUE;PROVINCIA;MZA
3708;PAMPA DEL INFIERNO;PROVINCIA;CHA
8520;SAN ANTONIO OESTE;PROVINCIA;RIO
1839;ESTEBAN ECHEVERRIA;PROVINCIA;BA
1670;TIGRE;PROVINCIA;BA
1047;BUENOS AIRES;PROVINCIA;CAP
5126;SANTIAGO TEMPLE;PROVINCIA;CBA
5428;POCITOS;PROVINCIA;SJU
1885;HUDSON;PROVINCIA;BA
8206;GRAL. SAN MARTIN;PROVINCIA;LAP
9105;GAIMAN;PROVINCIA;CHU
6748;O'HIGGINS;PROVINCIA;BA
1250;BUENOS AIRES;PROVINCIA;CAP
4238;SAN PEDRO (DTO. GUASAYAN);PROVINCIA;STG
1194;BUENOS AIRES;PROVINCIA;CAP
3101;ALDEA VALLE MARIA;PROVINCIA;ER
3264;CONCEPCION DEL URUGUAY;PROVINCIA;ER
7114;CASTELLI;PROVINCIA;BA
1651;SAN ANDRES;PROVINCIA;BA
1050;CIUDAD AUTONOMA DE BUENOS AIRES;PROVINCIA;BA
7311;CHILLAR;PROVINCIA;BA
7005;BARKER;PROVINCIA;BA
3018;RECREO;PROVINCIA;STF
5732;VILLA MERCEDES;PROVINCIA;SLU
3359;CAMPO VIERA;PROVINCIA;MSN
5138;LA PARA;PROVINCIA;CBA
4208;LORETO;PROVINCIA;STG
5949;ALICIA;PROVINCIA;CBA
1218;BUENOS AIRES;PROVINCIA;CAP
5915;CARRILOBO;PROVINCIA;CBA
6277;BUENA ESPERANZA;PROVINCIA;SLU
1657;LOMA HERMOSA;PROVINCIA;BA
1010;BUENOS AIRES;PROVINCIA;CAP
1046;BUENOS AIRES;PROVINCIA;CAP
3156;HERNANDEZ;PROVINCIA;ER
1011;BUENOS AIRES;PROVINCIA;CAP
2407;ESTAC. CLUCELLAS;PROVINCIA;STF
5250;OJO DE AGUA;PROVINCIA;STG
1205;BUENOS AIRES;PROVINCIA;CAP
3763;LOS JURIES;PROVINCIA;STG
1925;ENSENADA;PROVINCIA;BA
1913;BARTOLOME BAVIO;PROVINCIA;BA
7111;SAN BERNARDO;PROVINCIA;BA
5207;SAN LUIS;PROVINCIA;SLU
5702;SANLUIS;PROVINCIA;SLU
3376;WANDA;PROVINCIA;MSN
1073;BUENOS AIRES;PROVINCIA;CAP
1806;TRISTAN SUAREZ;PROVINCIA;BA
1669;DEL VISO;PROVINCIA;BA
8407;VILLA LA ANGOSTURA;PROVINCIA;NQN
1383;CAPITAL FEDERAL;PROVINCIA;CAP
1190;CAPITAL FEDERAL;PROVINCIA;BA
8118;CABILDO;PROVINCIA;BA
1166; CAPITAL FEDERAL;PROVINCIA;BA
1188;CAPITAL FEDERAL;PROVINCIA;BA
1231;CAPITAL FEDERAL;PROVINCIA;CAP
5525;GUAYMALLEN;PROVINCIA;MZA
1280;CAPITAL FEDERAL;PROVINCIA;CAP
4566;AGUARAY;PROVINCIA;SAL
1182;CAPITAL FEDERAL;PROVINCIA;CAP
5402;SAN JUAN;PROVINCIA;SJU
1239;CAPITAL FEDERAL;PROVINCIA;CAP
1007;CAPITAL FEDERAL;PROVINCIA;CAP
1008;CAPITAL FEDERAL;PROVINCIA;CAP
1012;CAPITAL FEDERAL;PROVINCIA;CAP
1015;CAPITAL FEDERAL;PROVINCIA;CAP
1018;CAPITAL FEDERAL;PROVINCIA;CAP
1019;CAPITAL FEDERAL;PROVINCIA;CAP
1020;CAPITAL FEDERAL;PROVINCIA;CAP
1025;CAPITAL FEDERAL;PROVINCIA;CAP
1026;CAPITAL FEDERAL;PROVINCIA;CAP
1033;CAPITAL FEDERAL;PROVINCIA;CAP
1039;CAPITAL FEDERAL;PROVINCIA;CAP
1040;CAPITAL FEDERAL;PROVINCIA;CAP
1052;CAPITAL FEDERAL;PROVINCIA;CAP
1054;CAPITAL FEDERAL;PROVINCIA;BA
1061;CAPITAL FEDERAL;PROVINCIA;CAP
1064;CAPITAL FEDERAL;PROVINCIA;CAP
1068;CAPITAL FEDERAL;PROVINCIA;CAP
1070;CAPITAL FEDERAL;PROVINCIA;CAP
1078;CAPITAL FEDERAL;PROVINCIA;CAP
1079;CAPITAL FEDERAL;PROVINCIA;CAP
1081;CAPITAL FEDERAL;PROVINCIA;CAP
1086;CAPITAL FEDERAL;PROVINCIA;CAP
1094;CAPITAL FEDERAL;PROVINCIA;CAP
1098;CAPITAL FEDERAL;PROVINCIA;CAP
1104;CAPITAL FEDERAL;PROVINCIA;CAP
1110;CAPITAL FEDERAL;PROVINCIA;CAP
1114;CAPITAL FEDERAL;PROVINCIA;CAP
1125;CAPITAL FEDERAL;PROVINCIA;CAP
1130;CAPITAL FEDERAL;PROVINCIA;CAP
1138;CAPITAL FEDERAL;PROVINCIA;CAP
1140;CAPITAL FEDERAL;PROVINCIA;CAP
1152;CAPITAL FEDERAL;PROVINCIA;CAP
1154;CAPITAL FEDERAL;PROVINCIA;CAP
1161;CAPITAL FEDERAL;PROVINCIA;CAP
1163;CAPITAL FEDERAL;PROVINCIA;CAP
1168;CAPITAL FEDERAL;PROVINCIA;BA
1181;CAPITAL FEDERAL;PROVINCIA;BA
1185;CAPITAL FEDERAL;PROVINCIA;CAP
1191;CAPITAL FEDERAL;PROVINCIA;CAP
1196;CAPITAL FEDERAL;PROVINCIA;CAP
1197;CAPITAL FEDERAL;PROVINCIA;CAP
1213;CAPITAL FEDERAL;PROVINCIA;CAP
1216;CAPITAL FEDERAL;PROVINCIA;CAP
1222;CAPITAL FEDERAL;PROVINCIA;CAP
1226;CAPITAL FEDERAL;PROVINCIA;CAP
1229;CAPITAL FEDERAL;PROVINCIA;CAP
1233;CAPITAL FEDERAL;PROVINCIA;CAP
1235;CAPITAL FEDERAL;PROVINCIA;CAP
1236;CAPITAL FEDERAL;PROVINCIA;CAP
1247;CAPITAL FEDERAL;PROVINCIA;CAP
1254;CAPITAL FEDERAL;PROVINCIA;CAP
1256;CAPITAL FEDERAL;PROVINCIA;CAP
1259;CAPITAL FEDERAL;PROVINCIA;CAP
1261;CAPITAL FEDERAL;PROVINCIA;CAP
1266;CAPITAL FEDERAL;PROVINCIA;CAP
1275;CAPITAL FEDERAL;PROVINCIA;CAP
1284;CAPITAL FEDERAL;PROVINCIA;CAP
1287;CAPITAL FEDERAL;PROVINCIA;CAP
1290;CAPITAL FEDERAL;PROVINCIA;CAP
1291;CAPITAL FEDERAL;PROVINCIA;CAP
1540;CAPITAL FEDERAL;PROVINCIA;BA
1615;GRAND BOURG;PROVINCIA;BA
1635;PRESIDENTE DERQUI;PROVINCIA;BA
1661;BELLA VISTA PARTIDO GENERAL SARMIENTO;PROVINCIA;BA
1667;TORTUGUITAS;PROVINCIA;BA
1674;SAENZ PEÑA;PROVINCIA;BA
1676;SANTOS LUGARES;PROVINCIA;BA
1684;EL PALOMAR;PROVINCIA;BA
1738;LA REJA-MORENO;PROVINCIA;BA
1741;LAS HERAS;PROVINCIA;BA
1761;PONTEVEDRA;PROVINCIA;BA
1766;TABLADA;PROVINCIA;BA
1838;LUIS GUILLON;PROVINCIA;BA
1847;RAFAEL CALZADA;PROVINCIA;BA
1856;GLEW;PROVINCIA;BA
1883;BERNAL OESTE;PROVINCIA;BA
1896;CITY BELL;PROVINCIA;BA
1901;ABASTO NOROESTE;PROVINCIA;BA
2305;LEHMANN;PROVINCIA;STF
2424;DEVOTO;PROVINCIA;CBA
2435;LA TORDILLA;PROVINCIA;CBA
2806;LIMA;PROVINCIA;ER
2823;PUENTE PARANACITO;PROVINCIA;ER
2944;RIO TALA SAN PEDRO;PROVINCIA;BA
3014;MONTE VERA;PROVINCIA;STF
3072;LA LUCILA;PROVINCIA;STG
3144;SAUCE DE LUNA;PROVINCIA;ER
3231;YAPEYU;PROVINCIA;COR
3241;PASO DE LA LAGUNA;PROVINCIA;ER
3252;VILLA CLARA;PROVINCIA;ER
3304;GARUPA;PROVINCIA;MSN
3338;EL SOBERBIO;PROVINCIA;MSN
3339;SALTO ENCANTADO;PROVINCIA;MSN
3357;SAN JAVIER;PROVINCIA;MSN
3365;SAN VICENTE;PROVINCIA;MSN
3385;ALMIRANTE BROWN;PROVINCIA;MSN
3390;EL ALCAZAR;PROVINCIA;MSN
3427;MANANTIALES;PROVINCIA;COR
3621;GENERAL GUEMES;PROVINCIA;FOR
4111;EL BRACHO;PROVINCIA;TUC
4401;VILLA SAN LORENZO;PROVINCIA;SAL
4506;FRAYLE PINTADO;PROVINCIA;SAL
5008;CORDOBA;PROVINCIA;CBA
5014;CORDOBA;PROVINCIA;CBA
5016;CORDOBA;PROVINCIA;CBA
5017;CORDOBA;PROVINCIA;CBA
5124;SANTIAGO TEMPLE;PROVINCIA;CBA
5153;VILLA ICHO CRUZ;PROVINCIA;CBA
5174;SANTA ROSA-RIO 1RO.;PROVINCIA;CBA
5200;DEAN FUNES;PROVINCIA;CBA
5244;SAN JOSE DE LA DORMIDA;PROVINCIA;STG
5529;RODEO DEL MEDIO;PROVINCIA;SJU
5531;FRAY LUIS BELTRAN;PROVINCIA;MZA
5547;GODOY CRUZ;PROVINCIA;MZA
5592;LA DORMIDA;PROVINCIA;MZA
5594;LAS CATITAS;PROVINCIA;MZA
5622;VILLA ATUEL;PROVINCIA;MZA
5845;BULNES;PROVINCIA;CBA
6105;CAÑADA SECA;PROVINCIA;BA
8316;PLOTTIER;PROVINCIA;NQN
9301;EL CHALTEN;PROVINCIA;CHU
9405;EL CALAFATE;PROVINCIA;CHU
3421;SANTA ROSA;PROVINCIA;COR
8142;HILARIO ASCASUBI;PROVINCIA;BA
1606;CARAPACHAY VICENTE LOPEZ;PROVINCIA;BA
3117;SEGUI;PROVINCIA;ER
3355;CONCEPCION DE LA SIERRA;PROVINCIA;MSN
5634;BOWEN;PROVINCIA;MZA
2513;TORTUGAS;PROVINCIA;STF
2405;STA. CLARA DE SAGUIER;PROVINCIA;STF
5513;LUZURIAGA;PROVINCIA;MZA
8001;BAHIA BLANCA;PROVINCIA;BA
5274;EL MILAGRO;PROVINCIA;CAT
5947;EL ARAÑADO;PROVINCIA;CBA
3177;MACIA;PROVINCIA;ER
5503;SAN FRANCISCO DEL MONTE;PROVINCIA;MZA
5519;SAN JOSE DE GUAYMALLEN;PROVINCIA;MZA
3407;GENERAL PAZ;PROVINCIA;COR
3448;SAN ROQUE;PROVINCIA;COR
5864;VILLA RUMIPAL - CALAMUCHITA;PROVINCIA;CBA
2011;ROSARIO SUR;PROVINCIA;STF
1890;JUAN MARIA GUTIERREZ;PROVINCIA;BA
3366;BERNARDO DE IRIGOYEN;PROVINCIA;MSN
1874;VILLA DOMINICO;PROVINCIA;BA
5527;RODEO DE LA CRUZ;PROVINCIA;MZA
1902;LA PLATA;PROVINCIA;BA
5974;LAGUNA LARGA;PROVINCIA;CBA
8136;ALGARROBO;PROVINCIA;BA
3313;CERRO AZUL;PROVINCIA;MSN
4402;SALTA;PROVINCIA;SAL
5013;CORDOBA;PROVINCIA;CBA
6228;CORONEL HILARIO LAGOS;PROVINCIA;LAP
1030;CAPITAL FEDERAL;PROVINCIA;CAP
1246;CAPITAL FEDERAL;PROVINCIA;CAP
2324;TACURAL;PROVINCIA;STF
5801;LAS ALBAHACAS;PROVINCIA;CBA
7108;MAR DEL TUYU;PROVINCIA;BA
21192;ARMINDA;PROVINCIA;STF
1283;CIUDAD AUTONOMA DE BUENOS AIRES;PROVINCIA;CAP
3363;PUERTO GRAL.SAN MARTIN;PROVINCIA;STF
2922;THEOBALD;PROVINCIA;STF
5413;CHIMBAS;PROVINCIA;SJU
5449;VALLE FERTIL;PROVINCIA;SJU
